First Name,Last Name,Full Name,Email,Title,Legal Name,Legal Name id,Contact Type
Test ,Contact 10,Test Contact 10,1investorportal+testcontact10@gmail.com,Project Lead,InTest Account 7,,
Test ,Contact 11,Test Contact 11,1investorportal+testcontact11@gmail.com,Team Lead,InTest Account 7,,
Test ,Contact 12,Test Contact 12,1investorportal+testcontact12@gmail.com,Senior Manager,InTest Account 7,,
Test ,Contact 13,Test Contact 13,1investorportal+testcontact13@gmail.com,Associate,InTest Account 7,,
Test ,Contact 14,Test Contact 14,1investorportal+testcontact14@gmail.com,Board Member,InTest Account 7,,
Test ,Contact 15,Test Contact 15,1investorportal+testcontact15@gmail.com,CTO,InTest Account 7,,
Test ,Contact 16,Test Contact 16,1investorportal+testcontact16@gmail.com,CFO,InTest Account 7,,
Test ,NavContact 31,Test NavContact31,1investorportal+testnavcontact31@gmail.com,Board Member,InTest Account 8,,
Test ,Contact 124,Test Contact 124,1investorportal+testcontact123@gmail.com,CTO,Test Account 1,,
Test ,Contact 125,Test Contact 125,1investorportal+testcontact123@gmail.com,CFO,Test Account 1,,
Test ,Contact 126,Test Contact 126,1investorportal+testcontact123@gmail.com,Managing Director,Test Account 1,,
Test ,Contact 127,Test Contact 127,1investorportal+testcontact123@gmail.com,Project Lead,Test Account 1,,
Test ,Contact 128,Test Contact 128,1investorportal+testcontact123@gmail.com,Team Lead,Test Account 1,,
Test ,Contact 129,Test Contact 129,1investorportal+testcontact123@gmail.com,CTO,Test Account 1,,
Test ,Contact 130,Test Contact 130,1investorportal+testcontact123@gmail.com,CFO,Test Account 1,,
Test ,Contact 131,Test Contact 131,1investorportal+testcontact123@gmail.com,Managing Director,Test Account 1,,
Test ,Contact 132,Test Contact 132,1investorportal+testcontact123@gmail.com,Project Lead,Test Account 1,,
Test ,Contact 133,Test Contact 133,1investorportal+testcontact123@gmail.com,Team Lead,Test Account 1,,
Test ,Contact 144,Test Contact 144,1investorportal+testcontact123@gmail.com,Team Lead,Test Account 2,,
Test ,Contact 145,Test Contact 145,1investorportal+testcontact123@gmail.com,Team Lead,Test Account 3,,
Test ,Contact 146,Test Contact 146,1investorportal+testcontact123@gmail.com,Team Lead,Test Account 3,,
Test ,Contact 147,Test Contact 147,1investorportal+testcontact123@gmail.com,Team Lead,Test Account 3,,
Test ,Contact 148,Test Contact 148,1investorportal+testcontact123@gmail.com,Team Lead,Test Account 3,,
Test ,Contact 27 ,Test Contact 27 ,1investorportal+testcontact27@gmail.com,Team Lead,InTest Account 8,,
Test ,Contact 28,Test Contact 28,1investorportal+testcontact28@gmail.com,Senior Manager,InTest Account 8,,
Test ,Contact 29,Test Contact 29,1investorportal+testcontact29@gmail.com,Associate,InTest Account 8,,
Test ,Contact 30,Test Contact 30,1investorportal+testcontact30@gmail.com,Board Member,InTest Account 8,,
Test ,Contact 1,Test Contact 1,1investorportal+testcontact1@gmail.com,Managing director,Test Account 1,,Banker
Test ,Contact 2,Test Contact 2,1investorportal+testcontact2@gmail.com,Board Member,Test Account 1,,
Test ,Contact 3,Test Contact 3,1investorportal+testcontact3@gmail.com,Associate,Test Account 2,,
Test ,Contact 4,Test Contact 4,1investorportal+testcontact4@gmail.com,Board Member,Test Account 3,,
Test ,Contact 5,Test Contact 5,1investorportal+testcontact5@gmail.com,Board Member,Test Account 5,,
Test ,Contact 6,Test Contact 6,1investorportal+testcontact6@gmail.com,Associate,Test Account 6,,
Test ,Nav Contact 7,Test Nav Contact 7,1investorportal+navaccount7@gmail.com,Associate,Nav Account 2,,Contact
NavTest ,Contact 10,NavTest Contact 10,1investorportal+navaccount7@gmail.com,Associate,Navatar IntAccount 2,,
Test ,Contact 149,Test Contact 149,1investorportal+testcontact149@gmail.com,Associate,InTest Account 24,,
Test ,Contact 150,Test Contact 150,1investorportal+testcontact150@gmail.com,Associate,InTest Account 25,,
Test ,Contact 160,Test Contact 160,1investorportal+testcontact160@gmail.com,Associate,InTest Account 26,,
Test ,Contact 161,Test Contact 161,1investorportal+testcontact161@gmail.com,Associate,InTest Account 26,,
