Event Name,Event id,Relation Id Name,Relation id,is invitee,Is Parent
Nav Event 2,,PE User 2,,TRUE,
Nav Event 2,,PE User 3,,TRUE,
Nav Event 2,,PE User 4,,TRUE,
Nav Event 2,,PE User 5,,TRUE,
Nav Event 2,,PE User 6,,TRUE,
Nav Event 3,,PE User 7,,TRUE,
Nav Event 3,,PE User 8,,TRUE,
Nav Event 3,,PE User 9,,TRUE,
Nav Event 3,,PE User 10,,TRUE,
Nav Event 3,,PE User 3,,TRUE,
Nav Event 3,,PE User 4,,TRUE,
Nav Event 4,,PE User 5,,TRUE,
Nav Event 4,,PE User 6,,TRUE,
Nav Event 4,,PE User 7,,TRUE,
Nav Event 4,,PE User 8,,TRUE,
Nav Event 4,,PE User 9,,TRUE,
Nav Event 5,,PE User 3,,TRUE,
Nav Event 5,,PE User 4,,TRUE,
Nav Event 5,,PE User 5,,TRUE,
Nav Event 5,,PE User 6,,TRUE,
Nav Event 5,,PE User 7,,TRUE,
Nav Event 6,,PE User 8,,TRUE,
Nav Event 6,,PE User 9,,TRUE,
Nav Event 6,,PE User 2,,TRUE,
Nav Event 6,,PE User 3,,TRUE,
Nav Event 6,,PE User 4,,TRUE,
Nav Event 7,,PE User 6,,TRUE,
Nav Event 7,,PE User 7,,TRUE,
Nav Event 7,,PE User 8,,TRUE,
Nav Event 7,,PE User 9,,TRUE,
Nav Event 7,,PE User 10,,TRUE,
Nav Event 8,,PE User 2,,TRUE,
Nav Event 8,,PE User 3,,TRUE,
Nav Event 8,,PE User 4,,TRUE,
Nav Event 8,,PE User 6,,TRUE,
Nav Event 8,,PE User 7,,TRUE,
Nav Event 9,,PE User 8,,TRUE,
Nav Event 9,,PE User 9,,TRUE,
Nav Event 9,,PE User 10,,TRUE,
Nav Event 9,,PE User 2,,TRUE,
Nav Event 9,,PE User 3,,TRUE,
Nav Event 9,,PE User 4,,TRUE,
Nav Event 10,,PE User 6,,TRUE,
Nav Event 10,,PE User 7,,TRUE,
Nav Event 10,,PE User 8,,TRUE,
Nav Event 10,,PE User 9,,TRUE,
Nav Event 10,,PE User 10,,TRUE,
Nav Event 11,,PE User 3,,TRUE,
Nav Event 11,,PE User 4,,TRUE,
Nav Event 11,,PE User 5,,TRUE,
Nav Event 11,,PE User 6,,TRUE,
Nav Event 11,,PE User 7,,TRUE,
Nav Event 11,,PE User 8,,TRUE,
Nav Event 11,,PE User 9,,TRUE,
Nav Event 11,,PE User 10,,TRUE,
Nav Event 11,,PE User 2,,TRUE,
Nav Event 11,,PE User 3,,TRUE,
Nav Event 11,,PE User 4,,TRUE,
Nav Event 12,,PE User 5,,TRUE,
Nav Event 12,,PE User 6,,TRUE,
Nav Event 12,,PE User 7,,TRUE,
Nav Event 12,,PE User 8,,TRUE,
Nav Event 12,,PE User 9,,TRUE,
Nav Event 12,,PE User 10,,TRUE,
Nav Event 13,,PE User 2,,TRUE,
Nav Event 13,,PE User 3,,TRUE,
Nav Event 13,,PE User 4,,TRUE,
Nav Event 13,,PE User 5,,TRUE,
Nav Event 13,,PE User 7,,TRUE,
Nav Event 14,,PE User 8,,TRUE,
Nav Event 14,,PE User 9,,TRUE,
Nav Event 14,,PE User 10,,TRUE,
Nav Event 14,,PE User 2,,TRUE,
Nav Event 14,,PE User 3,,TRUE,
Nav Event 15,,PE User 5,,TRUE,
Nav Event 15,,PE User 7,,TRUE,
Nav Event 15,,PE User 8,,TRUE,
Nav Event 15,,PE User 9,,TRUE,
Nav Event 15,,PE User 10,,TRUE,
Nav Event 16,,PE User 2,,TRUE,
Nav Event 16,,PE User 3,,TRUE,
Nav Event 16,,PE User 5,,TRUE,
Nav Event 16,,PE User 6,,TRUE,
Nav Event 16,,PE User 7,,TRUE,
Nav Event 17,,PE User 8,,TRUE,
Nav Event 17,,PE User 9,,TRUE,
Nav Event 17,,PE User 10,,TRUE,
Nav Event 17,,PE User 2,,TRUE,
Nav Event 17,,PE User 3,,TRUE,
Nav Event 18,,PE User 5,,TRUE,
Nav Event 18,,PE User 6,,TRUE,
Nav Event 18,,PE User 7,,TRUE,
Nav Event 18,,PE User 8,,TRUE,
Nav Event 18,,PE User 9,,TRUE,
Nav Event 18,,PE User 10,,TRUE,
Nav Event 19,,PE User 2,,TRUE,
Nav Event 19,,PE User 3,,TRUE,
Nav Event 19,,PE User 5,,TRUE,
Nav Event 19,,PE User 6,,TRUE,
Nav Event 19,,PE User 7,,TRUE,
Nav Event 20,,PE User 8,,TRUE,
Nav Event 20,,PE User 9,,TRUE,
Nav Event 20,,PE User 10,,TRUE,
Nav Event 20,,PE User 2,,TRUE,
Nav Event 20,,PE User 3,,TRUE,
Nav Event 21,,PE User 5,,TRUE,
Nav Event 21,,PE User 6,,TRUE,
Nav Event 21,,PE User 7,,TRUE,
Nav Event 21,,PE User 8,,TRUE,
Nav Event 21,,PE User 9,,TRUE,
Nav Event 21,,PE User 10,,TRUE,
Nav Event 22,,PE User 2,,TRUE,
Nav Event 22,,PE User 3,,TRUE,
Nav Event 22,,PE User 4,,TRUE,
Nav Event 22,,PE User 5,,TRUE,
Nav Event 22,,PE User 6,,TRUE,
Nav Event 22,,PE User 7,,TRUE,
Nav Event 23,,PE User 8,,TRUE,
Nav Event 23,,PE User 9,,TRUE,
Nav Event 23,,PE User 10,,TRUE,
Nav Event 23,,PE User 2,,TRUE,
Nav Event 23,,PE User 3,,TRUE,
Nav Event 23,,PE User 4,,TRUE,
Nav Event 24,,PE User 5,,TRUE,
Nav Event 24,,PE User 6,,TRUE,
Nav Event 24,,PE User 7,,TRUE,
Nav Event 24,,PE User 8,,TRUE,
Nav Event 24,,PE User 9,,TRUE,
Nav Event 24,,PE User 10,,TRUE,
Nav Event 25,,PE User 2,,TRUE,
Nav Event 25,,PE User 3,,TRUE,
Nav Event 25,,PE User 4,,TRUE,
Nav Event 25,,PE User 5,,TRUE,
Nav Event 25,,PE User 6,,TRUE,
Nav Event 25,,PE User 7,,TRUE,
Nav Event 26,,PE User 8,,TRUE,
Nav Event 26,,PE User 9,,TRUE,
Nav Event 26,,PE User 10,,TRUE,
Nav Event 26,,PE User 2,,TRUE,
Nav Event 26,,PE User 3,,TRUE,
Nav Event 26,,PE User 4,,TRUE,
Nav Event 27,,PE User 5,,TRUE,
Nav Event 27,,PE User 6,,TRUE,
Nav Event 27,,PE User 7,,TRUE,
Nav Event 27,,PE User 8,,TRUE,
Nav Event 27,,PE User 9,,TRUE,
Nav Event 27,,PE User 10,,TRUE,
Nav Event 28,,PE User 2,,TRUE,
Nav Event 28,,PE User 4,,TRUE,
Nav Event 28,,PE User 5,,TRUE,
Nav Event 28,,PE User 6,,TRUE,
Nav Event 28,,PE User 7,,TRUE,
Nav Event 29,,PE User 8,,TRUE,
Nav Event 29,,PE User 9,,TRUE,
Nav Event 29,,PE User 10,,TRUE,
Nav Event 29,,PE User 2,,TRUE,
Nav Event 29,,PE User 4,,TRUE,
Nav Event 30,,PE User 5,,TRUE,
Nav Event 30,,PE User 6,,TRUE,
Nav Event 30,,PE User 7,,TRUE,
Nav Event 30,,PE User 8,,TRUE,
Nav Event 30,,PE User 9,,TRUE,
Nav Event 30,,PE User 10,,TRUE,
Nav Event 30,,PE User 2,,TRUE,
Nav Event 2,,Test Contact 4,,FALSE,TRUE
Nav Event 2,,Test Contact 16,,FALSE,TRUE
Nav Event 3,,Test Contact 4,,FALSE,TRUE
Nav Event 3,,Test Contact 16,,FALSE,TRUE
Nav Event 4,,Test Contact 4,,FALSE,TRUE
Nav Event 4,,Test Contact 16,,FALSE,TRUE
Nav Event 5,,Test Contact 4,,FALSE,TRUE
Nav Event 5,,Test Contact 16,,FALSE,TRUE
Nav Event 6,,Test Contact 4,,FALSE,TRUE
Nav Event 6,,Test Contact 16,,FALSE,TRUE
Nav Event 7,,Test Contact 4,,FALSE,TRUE
Nav Event 8,,Test Contact 16,,FALSE,TRUE
Nav Event 8,,Test Contact 4,,FALSE,TRUE
Nav Event 9,,Test Contact 16,,FALSE,TRUE
Nav Event 9,,Test Contact 4,,FALSE,TRUE
Nav Event 10,,Test Contact 16,,FALSE,TRUE
Nav Event 11,,Test Contact 4,,FALSE,TRUE
Nav Event 11,,Test Contact 16,,FALSE,TRUE
Nav Event 12,,Test Contact 4,,FALSE,TRUE
Nav Event 12,,Test Contact 16,,FALSE,TRUE
Nav Event 13,,Test Contact 16,,FALSE,TRUE
Nav Event 13,,Test Contact 4,,FALSE,TRUE
Nav Event 14,,Test Contact 4,,FALSE,TRUE
Nav Event 14,,Test Contact 16,,FALSE,TRUE
Nav Event 15,,Test Contact 16,,FALSE,TRUE
Nav Event 15,,Test Contact 4,,FALSE,TRUE
Nav Event 16,,Test Contact 16,,FALSE,TRUE
Nav Event 16,,Test Contact 4,,FALSE,TRUE
Nav Event 17,,Test Contact 4,,FALSE,TRUE
Nav Event 17,,Test Contact 16,,FALSE,TRUE
Nav Event 18,,Test Contact 16,,FALSE,TRUE
Nav Event 19,,Test Contact 16,,FALSE,TRUE
Nav Event 20,,Test Contact 16,,FALSE,TRUE
Nav Event 21,,Test Contact 16,,FALSE,TRUE
Nav Event 22,,Test Contact 16,,FALSE,TRUE
Nav Event 23,,Test Contact 16,,FALSE,TRUE
Nav Event 24,,Test Contact 16,,FALSE,TRUE
Nav Event 25,,Test Contact 16,,FALSE,TRUE
Nav Event 26,,Test Contact 16,,FALSE,TRUE
Nav Event 27,,Test Contact 16,,FALSE,TRUE
Nav Event 28,,Test Contact 16,,FALSE,TRUE
Nav Event 29,,Test Contact 16,,FALSE,TRUE
Nav Event 30,,Test Contact 16,,FALSE,TRUE
Nav Event 2,,Test Contact 2,,FALSE,TRUE
Nav Event 3,,Test Contact 2,,FALSE,TRUE
Nav Event 4,,Test Contact 2,,FALSE,TRUE
Nav Event 5,,Test Contact 2,,FALSE,TRUE
Nav Event 6,,Test Contact 2,,FALSE,TRUE
Nav Event 7,,Test Contact 2,,FALSE,TRUE
Nav Event 8,,Test Contact 2,,FALSE,TRUE
Nav Event 9,,Test Contact 2,,FALSE,TRUE
Nav Event 10,,Test Contact 2,,FALSE,TRUE
Nav Event 11,,Test Contact 2,,FALSE,TRUE
Nav Event 12,,Test Contact 2,,FALSE,TRUE
Nav Event 13,,Test Contact 2,,FALSE,TRUE
Nav Event 14,,Test Contact 2,,FALSE,TRUE
Nav Event 15,,Test Contact 2,,FALSE,TRUE
Nav Event 16,,Test Contact 2,,FALSE,TRUE
Nav Event 17,,Test Contact 2,,FALSE,TRUE
Nav Event 18,,Test Contact 2,,FALSE,TRUE
Nav Event 19,,Test Contact 2,,FALSE,TRUE
Nav Event 20,,Test Contact 2,,FALSE,TRUE
Nav Event 21,,Test Contact 2,,FALSE,TRUE
Nav Event 22,,Test Contact 2,,FALSE,TRUE
Nav Event 23,,Test Contact 2,,FALSE,TRUE
Nav Event 24,,Test Contact 2,,FALSE,TRUE
Nav Event 25,,Test Contact 2,,FALSE,TRUE
Nav Event 26,,Test Contact 2,,FALSE,TRUE
Nav Event 27,,Test Contact 2,,FALSE,TRUE
Nav Event 28,,Test Contact 2,,FALSE,TRUE
Nav Event 29,,Test Contact 2,,FALSE,TRUE
Nav Event 30,,Test Contact 2,,FALSE,TRUE
Nav Event 31,,Test Contact 2,,FALSE,TRUE
Nav Event 18,,Test Contact 4,,FALSE,TRUE
Nav Event 19,,Test Contact 4,,FALSE,TRUE
Nav Event 20,,Test Contact 4,,FALSE,TRUE
Nav Event 21,,Test Contact 4,,FALSE,TRUE
Nav Event 22,,Test Contact 4,,FALSE,TRUE
Nav Event 23,,Test Contact 4,,FALSE,TRUE
Nav Event 24,,Test Contact 4,,FALSE,TRUE
Nav Event 25,,Test Contact 4,,FALSE,TRUE
Nav Event 26,,Test Contact 4,,FALSE,TRUE
Nav Event 27,,Test Contact 4,,FALSE,TRUE
Nav Event 28,,Test Contact 4,,FALSE,TRUE
Nav Event 29,,Test Contact 4,,FALSE,TRUE
Nav Event 30,,Test Contact 4,,FALSE,TRUE
Nav Event 31,,Test Contact 4,,FALSE,TRUE
Nav Event 4,,Test Contact 10,,FALSE,TRUE
Nav Event 5,,Test Contact 10,,FALSE,TRUE
Nav Event 6,,Test Contact 10,,FALSE,TRUE
Nav Event 7,,Test Contact 10,,FALSE,TRUE
Nav Event 8,,Test Contact 10,,FALSE,TRUE
Nav Event 9,,Test Contact 10,,FALSE,TRUE
Nav Event 10,,Test Contact 10,,FALSE,TRUE
Nav Event 11,,Test Contact 10,,FALSE,TRUE
Nav Event 12,,Test Contact 10,,FALSE,TRUE
Nav Event 13,,Test Contact 10,,FALSE,TRUE
Nav Event 14,,Test Contact 10,,FALSE,TRUE
Nav Event 15,,Test Contact 10,,FALSE,TRUE
Nav Event 16,,Test Contact 10,,FALSE,TRUE
Nav Event 17,,Test Contact 10,,FALSE,TRUE
Nav Event 18,,Test Contact 10,,FALSE,TRUE
Nav Event 19,,Test Contact 10,,FALSE,TRUE
Nav Event 20,,Test Contact 10,,FALSE,TRUE
Nav Event 21,,Test Contact 10,,FALSE,TRUE
Nav Event 22,,Test Contact 10,,FALSE,TRUE
Nav Event 23,,Test Contact 10,,FALSE,TRUE
Nav Event 24,,Test Contact 10,,FALSE,TRUE
Nav Event 25,,Test Contact 10,,FALSE,TRUE
Nav Event 26,,Test Contact 10,,FALSE,TRUE
Nav Event 27,,Test Contact 10,,FALSE,TRUE
Nav Event 28,,Test Contact 10,,FALSE,TRUE
Nav Event 29,,Test Contact 10,,FALSE,TRUE
Nav Event 30,,Test Contact 10,,FALSE,TRUE
Nav Event 31,,Test Contact 10,,FALSE,TRUE
Nav Event 2,,Test Contact 11,,FALSE,TRUE
Nav Event 3,,Test Contact 11,,FALSE,TRUE
Nav Event 4,,Test Contact 11,,FALSE,TRUE
Nav Event 5,,Test Contact 11,,FALSE,TRUE
Nav Event 6,,Test Contact 11,,FALSE,TRUE
Nav Event 7,,Test Contact 11,,FALSE,TRUE
Nav Event 8,,Test Contact 11,,FALSE,TRUE
Nav Event 9,,Test Contact 11,,FALSE,TRUE
Nav Event 10,,Test Contact 11,,FALSE,TRUE
Nav Event 11,,Test Contact 11,,FALSE,TRUE
Nav Event 12,,Test Contact 11,,FALSE,TRUE
Nav Event 13,,Test Contact 11,,FALSE,TRUE
Nav Event 14,,Test Contact 11,,FALSE,TRUE
Nav Event 15,,Test Contact 11,,FALSE,TRUE
Nav Event 16,,Test Contact 11,,FALSE,TRUE
Nav Event 17,,Test Contact 11,,FALSE,TRUE
Nav Event 18,,Test Contact 11,,FALSE,TRUE
Nav Event 19,,Test Contact 11,,FALSE,TRUE
Nav Event 20,,Test Contact 11,,FALSE,TRUE
Nav Event 21,,Test Contact 11,,FALSE,TRUE
Nav Event 22,,Test Contact 11,,FALSE,TRUE
Nav Event 23,,Test Contact 11,,FALSE,TRUE
Nav Event 24,,Test Contact 11,,FALSE,TRUE
Nav Event 25,,Test Contact 11,,FALSE,TRUE
Nav Event 26,,Test Contact 11,,FALSE,TRUE
Nav Event 27,,Test Contact 11,,FALSE,TRUE
Nav Event 28,,Test Contact 11,,FALSE,TRUE
Nav Event 29,,Test Contact 11,,FALSE,TRUE
Nav Event 30,,Test Contact 11,,FALSE,TRUE
Nav Event 31,,Test Contact 11,,FALSE,TRUE
Nav Event 2,,Test Contact 12,,FALSE,TRUE
Nav Event 3,,Test Contact 12,,FALSE,TRUE
Nav Event 4,,Test Contact 12,,FALSE,TRUE
Nav Event 5,,Test Contact 12,,FALSE,TRUE
Nav Event 6,,Test Contact 12,,FALSE,TRUE
Nav Event 7,,Test Contact 12,,FALSE,TRUE
Nav Event 8,,Test Contact 12,,FALSE,TRUE
Nav Event 9,,Test Contact 12,,FALSE,TRUE
Nav Event 10,,Test Contact 12,,FALSE,TRUE
Nav Event 11,,Test Contact 12,,FALSE,TRUE
Nav Event 12,,Test Contact 12,,FALSE,TRUE
Nav Event 13,,Test Contact 12,,FALSE,TRUE
Nav Event 14,,Test Contact 12,,FALSE,TRUE
Nav Event 15,,Test Contact 12,,FALSE,TRUE
Nav Event 16,,Test Contact 12,,FALSE,TRUE
Nav Event 17,,Test Contact 12,,FALSE,TRUE
Nav Event 18,,Test Contact 12,,FALSE,TRUE
Nav Event 19,,Test Contact 12,,FALSE,TRUE
Nav Event 20,,Test Contact 12,,FALSE,TRUE
Nav Event 21,,Test Contact 12,,FALSE,TRUE
Nav Event 22,,Test Contact 12,,FALSE,TRUE
Nav Event 23,,Test Contact 12,,FALSE,TRUE
Nav Event 24,,Test Contact 12,,FALSE,TRUE
Nav Event 25,,Test Contact 12,,FALSE,TRUE
Nav Event 26,,Test Contact 12,,FALSE,TRUE
Nav Event 27,,Test Contact 12,,FALSE,TRUE
Nav Event 28,,Test Contact 12,,FALSE,TRUE
Nav Event 29,,Test Contact 12,,FALSE,TRUE
Nav Event 30,,Test Contact 12,,FALSE,TRUE
Nav Event 31,,Test Contact 12,,FALSE,TRUE
Nav Event 2,,Test Contact 124,,FALSE,TRUE
Nav Event 3,,Test Contact 124,,FALSE,TRUE
Nav Event 4,,Test Contact 124,,FALSE,TRUE
Nav Event 5,,Test Contact 124,,FALSE,TRUE
Nav Event 6,,Test Contact 124,,FALSE,TRUE
Nav Event 7,,Test Contact 124,,FALSE,TRUE
Nav Event 8,,Test Contact 124,,FALSE,TRUE
Nav Event 9,,Test Contact 124,,FALSE,TRUE
Nav Event 10,,Test Contact 124,,FALSE,TRUE
Nav Event 11,,Test Contact 124,,FALSE,TRUE
Nav Event 12,,Test Contact 124,,FALSE,TRUE
Nav Event 13,,Test Contact 124,,FALSE,TRUE
Nav Event 14,,Test Contact 124,,FALSE,TRUE
Nav Event 15,,Test Contact 124,,FALSE,TRUE
Nav Event 16,,Test Contact 124,,FALSE,TRUE
Nav Event 17,,Test Contact 124,,FALSE,TRUE
Nav Event 18,,Test Contact 124,,FALSE,TRUE
Nav Event 19,,Test Contact 124,,FALSE,TRUE
Nav Event 20,,Test Contact 124,,FALSE,TRUE
Nav Event 21,,Test Contact 124,,FALSE,TRUE
Nav Event 22,,Test Contact 124,,FALSE,TRUE
Nav Event 23,,Test Contact 124,,FALSE,TRUE
Nav Event 24,,Test Contact 124,,FALSE,TRUE
Nav Event 25,,Test Contact 124,,FALSE,TRUE
Nav Event 26,,Test Contact 124,,FALSE,TRUE
Nav Event 27,,Test Contact 124,,FALSE,TRUE
Nav Event 28,,Test Contact 124,,FALSE,TRUE
Nav Event 29,,Test Contact 124,,FALSE,TRUE
Nav Event 30,,Test Contact 124,,FALSE,TRUE
Nav Event 31,,Test Contact 124,,FALSE,TRUE
Nav Event 2,,Test Contact 13,,FALSE,TRUE
Nav Event 3,,Test Contact 13,,FALSE,TRUE
Nav Event 4,,Test Contact 13,,FALSE,TRUE
Nav Event 5,,Test Contact 13,,FALSE,TRUE
Nav Event 6,,Test Contact 13,,FALSE,TRUE
Nav Event 7,,Test Contact 13,,FALSE,TRUE
Nav Event 8,,Test Contact 13,,FALSE,TRUE
Nav Event 9,,Test Contact 13,,FALSE,TRUE
Nav Event 10,,Test Contact 13,,FALSE,TRUE
Nav Event 11,,Test Contact 13,,FALSE,TRUE
Nav Event 12,,Test Contact 13,,FALSE,TRUE
Nav Event 13,,Test Contact 13,,FALSE,TRUE
Nav Event 14,,Test Contact 13,,FALSE,TRUE
Nav Event 15,,Test Contact 13,,FALSE,TRUE
Nav Event 16,,Test Contact 13,,FALSE,TRUE
Nav Event 17,,Test Contact 13,,FALSE,TRUE
Nav Event 18,,Test Contact 13,,FALSE,TRUE
Nav Event 19,,Test Contact 13,,FALSE,TRUE
Nav Event 20,,Test Contact 13,,FALSE,TRUE
Nav Event 21,,Test Contact 13,,FALSE,TRUE
Nav Event 22,,Test Contact 13,,FALSE,TRUE
Nav Event 23,,Test Contact 13,,FALSE,TRUE
Nav Event 24,,Test Contact 13,,FALSE,TRUE
Nav Event 25,,Test Contact 13,,FALSE,TRUE
Nav Event 26,,Test Contact 13,,FALSE,TRUE
Nav Event 27,,Test Contact 13,,FALSE,TRUE
Nav Event 28,,Test Contact 13,,FALSE,TRUE
Nav Event 29,,Test Contact 13,,FALSE,TRUE
Nav Event 30,,Test Contact 13,,FALSE,TRUE
Nav Event 31,,Test Contact 13,,FALSE,TRUE
Nav Event 2,,Test Contact 14,,FALSE,TRUE
Nav Event 3,,Test Contact 14,,FALSE,TRUE
Nav Event 4,,Test Contact 14,,FALSE,TRUE
Nav Event 5,,Test Contact 14,,FALSE,TRUE
Nav Event 6,,Test Contact 14,,FALSE,TRUE
Nav Event 7,,Test Contact 14,,FALSE,TRUE
Nav Event 8,,Test Contact 14,,FALSE,TRUE
Nav Event 9,,Test Contact 14,,FALSE,TRUE
Nav Event 10,,Test Contact 14,,FALSE,TRUE
Nav Event 11,,Test Contact 14,,FALSE,TRUE
Nav Event 12,,Test Contact 14,,FALSE,TRUE
Nav Event 13,,Test Contact 14,,FALSE,TRUE
Nav Event 14,,Test Contact 14,,FALSE,TRUE
Nav Event 15,,Test Contact 14,,FALSE,TRUE
Nav Event 16,,Test Contact 14,,FALSE,TRUE
Nav Event 17,,Test Contact 14,,FALSE,TRUE
Nav Event 18,,Test Contact 14,,FALSE,TRUE
Nav Event 19,,Test Contact 14,,FALSE,TRUE
Nav Event 20,,Test Contact 14,,FALSE,TRUE
Nav Event 21,,Test Contact 14,,FALSE,TRUE
Nav Event 22,,Test Contact 14,,FALSE,TRUE
Nav Event 23,,Test Contact 14,,FALSE,TRUE
Nav Event 24,,Test Contact 14,,FALSE,TRUE
Nav Event 25,,Test Contact 14,,FALSE,TRUE
Nav Event 26,,Test Contact 14,,FALSE,TRUE
Nav Event 27,,Test Contact 14,,FALSE,TRUE
Nav Event 28,,Test Contact 14,,FALSE,TRUE
Nav Event 29,,Test Contact 14,,FALSE,TRUE
Nav Event 30,,Test Contact 14,,FALSE,TRUE
Nav Event 31,,Test Contact 14,,FALSE,TRUE
Nav Event 2,,Test Contact 15,,FALSE,TRUE
Nav Event 3,,Test Contact 15,,FALSE,TRUE
Nav Event 4,,Test Contact 15,,FALSE,TRUE
Nav Event 5,,Test Contact 15,,FALSE,TRUE
Nav Event 6,,Test Contact 15,,FALSE,TRUE
Nav Event 7,,Test Contact 15,,FALSE,TRUE
Nav Event 8,,Test Contact 15,,FALSE,TRUE
Nav Event 9,,Test Contact 15,,FALSE,TRUE
Nav Event 10,,Test Contact 15,,FALSE,TRUE
Nav Event 11,,Test Contact 15,,FALSE,TRUE
Nav Event 12,,Test Contact 15,,FALSE,TRUE
Nav Event 13,,Test Contact 15,,FALSE,TRUE
Nav Event 14,,Test Contact 15,,FALSE,TRUE
Nav Event 15,,Test Contact 15,,FALSE,TRUE
Nav Event 16,,Test Contact 15,,FALSE,TRUE
Nav Event 17,,Test Contact 15,,FALSE,TRUE
Nav Event 18,,Test Contact 15,,FALSE,TRUE
Nav Event 19,,Test Contact 15,,FALSE,TRUE
Nav Event 20,,Test Contact 15,,FALSE,TRUE
Nav Event 21,,Test Contact 15,,FALSE,TRUE
Nav Event 22,,Test Contact 15,,FALSE,TRUE
Nav Event 23,,Test Contact 15,,FALSE,TRUE
Nav Event 24,,Test Contact 15,,FALSE,TRUE
Nav Event 25,,Test Contact 15,,FALSE,TRUE
Nav Event 26,,Test Contact 15,,FALSE,TRUE
Nav Event 27,,Test Contact 15,,FALSE,TRUE
Nav Event 28,,Test Contact 15,,FALSE,TRUE
Nav Event 29,,Test Contact 15,,FALSE,TRUE
Nav Event 30,,Test Contact 15,,FALSE,TRUE
Nav Event 31,,Test Contact 15,,FALSE,TRUE
