Notes,Subject,WHOID (Name),Who ID,Related Associations,Related Association ID,Start Date,End Date,DESCRIPTION
,Nav Event 2,Test Contact 1,,"Test Account 1, Test Account 3",,Today's Date,Today's Date,
,Nav Event 3,Test Contact 1,,"Test Account 1,, Test Account 3",,Today's Date,Today's Date,
,Nav Event 4,Test Contact 1,,"Test Account 1,, Test Account 3",,Today's Date,Today's Date,
,Nav Event 5,Test Contact 1,,"Test Account 1,, Test Account 3",,Today's Date,Today's Date,"A business entity such as a corporation, limited liability company, public limited company, sole proprietorship, or partnership that has products or services for sale is a firm.

Law, accountancy and management consultancy partnerships are known as firms, and are rarely referred to as companies."
,Nav Event 6,Test Contact 1,,"Test Account 1,, Test Account 3",,Today's Date,Today's Date,"A business entity such as a corporation, limited liability company, public limited company, sole proprietorship, or partnership that has products or services for sale is a firm.

Law, accountancy and management consultancy partnerships are known as firms, and are rarely referred to as companies."
,Nav Event 7,Test Contact 1,,,,Past Date,Past Date,"A business entity such as a corporation, limited liability company, public limited company, sole proprietorship, or partnership that has products or services for sale is a firm.

Law, accountancy and management consultancy partnerships are known as firms, and are rarely referred to as companies."
,Nav Event 8,Test Contact 1,,,,Past Date,Past Date,"A business entity such as a corporation, limited liability company, public limited company, sole proprietorship, or partnership that has products or services for sale is a firm.

Law, accountancy and management consultancy partnerships are known as firms, and are rarely referred to as companies."
,Nav Event 9,Test Contact 1,,,,Past Date,Past Date,"A business entity such as a corporation, limited liability company, public limited company, sole proprietorship, or partnership that has products or services for sale is a firm.

Law, accountancy and management consultancy partnerships are known as firms, and are rarely referred to as companies."
,Nav Event 10,Test Contact 1,,,,Past Date,Past Date,"A business entity such as a corporation, limited liability company, public limited company, sole proprietorship, or partnership that has products or services for sale is a firm.

Law, accountancy and management consultancy partnerships are known as firms, and are rarely referred to as companies."
,Nav Event 11,Test Contact 1,,,,Future Date,Future Date,"A business entity such as a corporation, limited liability company, public limited company, sole proprietorship, or partnership that has products or services for sale is a firm.

Law, accountancy and management consultancy partnerships are known as firms, and are rarely referred to as companies."
,Nav Event 12,Test Contact 1,,"Test Account 1,CTest Account 11,CTest Account 12,CTest Account 13,
,CTest Account 14,Test Account 3,Connection Deal 5,Connection Deal 6,Connection Deal 7,Connection Deal 8,Connection Deal 9,Connection Deal 10",,Future Date,Future Date,"A business entity such as a corporation, limited liability company, public limited company, sole proprietorship, or partnership that has products or services for sale is a firm.

Law, accountancy and management consultancy partnerships are known as firms, and are rarely referred to as companies."
,Nav Event 13,Test Contact 1,,"Test Account 1,CTest Account 11,CTest Account 12,CTest Account 13,
,CTest Account 14,Test Account 3,,,Connection Deal 5,Connection Deal 6,Connection Deal 7,Connection Deal 8,Connection Deal 9,Connection Deal 10",,Future Date,Future Date,"A business entity such as a corporation, limited liability company, public limited company, sole proprietorship, or partnership that has products or services for sale is a firm.

Law, accountancy and management consultancy partnerships are known as firms, and are rarely referred to as companies."
,Nav Event 14,Test Contact 1,,"Test Account 1,CTest Account 11,CTest Account 12,CTest Account 13,
,CTest Account 14,Test Account 3,,Connection Deal 5,Connection Deal 6,Connection Deal 7,Connection Deal 8,Connection Deal 9,Connection Deal 10",,Future Date,Future Date,"A business entity such as a corporation, limited liability company, public limited company, sole proprietorship, or partnership that has products or services for sale is a firm.

Law, accountancy and management consultancy partnerships are known as firms, and are rarely referred to as companies."
,Nav Event 15,Test Contact 1,,"Test Account 1,CTest Account 11,CTest Account 12,CTest Account 13,
,CTest Account 14Test Account 3,,,ATest Account 15,,Connection Deal 5,Connection Deal 6,Connection Deal 7,Connection Deal 8,Connection Deal 9,Connection Deal 10",,Today's Date,Today's Date,"A business entity such as a corporation, limited liability company, public limited company, sole proprietorship, or partnership that has products or services for sale is a firm.

Law, accountancy and management consultancy partnerships are known as firms, and are rarely referred to as companies."
,Nav Event 16,Test Contact 1,,"Test Account 1,,ATest Account 15,ATest Account 16,ATest Account 17,InsTest Account 18,Test Account 3,,InsTest Account 19,PCTest Account 22,Connection Deal 11,Connection Deal 12,Connection Deal 13,Connection Deal 14,Connection Deal 15",,Today's Date,Today's Date,"A business entity such as a corporation, limited liability company, public limited company, sole proprietorship, or partnership that has products or services for sale is a firm.

Law, accountancy and management consultancy partnerships are known as firms, and are rarely referred to as companies."
,Nav Event 17,Test Contact 1,,"Test Account 1,ATest Account 16,ATest Account 17,InsTest Account 18,InsTest Account 19,Test Account 3,,PCTest Account 22,Connection Deal 11,Connection Deal 12,Connection Deal 13,Connection Deal 14,Connection Deal 15",,Today's Date,Today's Date,"A business entity such as a corporation, limited liability company, public limited company, sole proprietorship, or partnership that has products or services for sale is a firm.

Law, accountancy and management consultancy partnerships are known as firms, and are rarely referred to as companies."
,Nav Event 18,Test Contact 1,,"Test Account 1,ATest Account 16,ATest Account 17,InsTest Account 18,InsTest Account 19,Test Account 3,,PCTest Account 22,Connection Deal 11,Connection Deal 12,Connection Deal 13,Connection Deal 14,Connection Deal 15",,Today's Date,Today's Date,"A business entity such as a corporation, limited liability company, public limited company, sole proprietorship, or partnership that has products or services for sale is a firm.

Law, accountancy and management consultancy partnerships are known as firms, and are rarely referred to as companies."
,Nav Event 19,Test Contact 1,,"Test Account 1,ATest Account 16,ATest Account 17,InsTest Account 18,InsTest Account 19,Test Account 3,,PCTest Account 22,Connection Deal 11,Connection Deal 12,Connection Deal 13,Connection Deal 14,Connection Deal 15",,Today's Date,Today's Date,"A business entity such as a corporation, limited liability company, public limited company, sole proprietorship, or partnership that has products or services for sale is a firm.

Law, accountancy and management consultancy partnerships are known as firms, and are rarely referred to as companies."
,Nav Event 20,Test Contact 1,,"Test Account 1,ATest Account 16,Test Account 3,,ATest Account 17,InsTest Account 18,InsTest Account 19,PCTest Account 22,Connection Deal 11,Connection Deal 12,Connection Deal 13,Connection Deal 14,Connection Deal 15",,Past Date,Past Date,"A business entity such as a corporation, limited liability company, public limited company, sole proprietorship, or partnership that has products or services for sale is a firm.

Law, accountancy and management consultancy partnerships are known as firms, and are rarely referred to as companies."
,Nav Event 21,Test Contact 1,,"Test Account 1,Test Account 3,,CTest Account 12,CTest Account 13,Connection Deal 5,Connection Deal 6",,Past Date,Past Date,"A business entity such as a corporation, limited liability company, public limited company, sole proprietorship, or partnership that has products or services for sale is a firm.

Law, accountancy and management consultancy partnerships are known as firms, and are rarely referred to as companies."
,Nav Event 22,Test Contact 1,,"Test Account 1,Test Account 3,,CTest Account 12,CTest Account 13,Connection Deal 5,Connection Deal 6",,Past Date,Past Date,"A business entity such as a corporation, limited liability company, public limited company, sole proprietorship, or partnership that has products or services for sale is a firm.

Law, accountancy and management consultancy partnerships are known as firms, and are rarely referred to as companies."
,Nav Event 23,Test Contact 1,,"Test Account 1,Test Account 3,,CTest Account 12,CTest Account 13,Connection Deal 5,Connection Deal 6",,Past Date,Past Date,"A business entity such as a corporation, limited liability company, public limited company, sole proprietorship, or partnership that has products or services for sale is a firm.

Law, accountancy and management consultancy partnerships are known as firms, and are rarely referred to as companies."
,Nav Event 24,Test Contact 1,,"Test Account 1,Test Account 3,,CTest Account 12,CTest Account 13,Connection Deal 5,Connection Deal 6",,Future Date,Future Date,"A business entity such as a corporation, limited liability company, public limited company, sole proprietorship, or partnership that has products or services for sale is a firm.

Law, accountancy and management consultancy partnerships are known as firms, and are rarely referred to as companies."
,Nav Event 25,Test Contact 1,,"Test Account 1,Test Account 3,,CTest Account 12,CTest Account 13,Connection Deal 5,Connection Deal 6",,Future Date,Future Date,"A business entity such as a corporation, limited liability company, public limited company, sole proprietorship, or partnership that has products or services for sale is a firm.

Law, accountancy and management consultancy partnerships are known as firms, and are rarely referred to as companies."
,Nav Event 26,Test Contact 1,,"Test Account 1,Test Account 3,,CTest Account 12,CTest Account 13,Connection Deal 5,Connection Deal 6",,Future Date,Future Date,"A business entity such as a corporation, limited liability company, public limited company, sole proprietorship, or partnership that has products or services for sale is a firm.

Law, accountancy and management consultancy partnerships are known as firms, and are rarely referred to as companies."
,Nav Event 27,Test Contact 1,,"Test Account 1,Test Account 3,,CTest Account 12,CTest Account 13,Connection Deal 5,Connection Deal 6",,Future Date,Future Date,"A business entity such as a corporation, limited liability company, public limited company, sole proprietorship, or partnership that has products or services for sale is a firm.

Law, accountancy and management consultancy partnerships are known as firms, and are rarely referred to as companies."
,Nav Event 28,Test Contact 1,,"Test Account 1,Test Account 3,,CTest Account 12,CTest Account 13,Connection Deal 5,Connection Deal 6",,Today's Date,Today's Date,"A business entity such as a corporation, limited liability company, public limited company, sole proprietorship, or partnership that has products or services for sale is a firm.

Law, accountancy and management consultancy partnerships are known as firms, and are rarely referred to as companies."
,Nav Event 29,Test Contact 1,,"Test Account 1,Test Account 3,,CTest Account 12,CTest Account 13,Connection Deal 5,Connection Deal 6",,Today's Date,Today's Date,"A business entity such as a corporation, limited liability company, public limited company, sole proprietorship, or partnership that has products or services for sale is a firm.

Law, accountancy and management consultancy partnerships are known as firms, and are rarely referred to as companies."
,Nav Event 30,Test Contact 1,,"Test Account 1,Test Account 3,,CTest Account 12,CTest Account 13,Connection Deal 5,Connection Deal 6",,Past Date,Past Date,"A business entity such as a corporation, limited liability company, public limited company, sole proprietorship, or partnership that has products or services for sale is a firm.

Law, accountancy and management consultancy partnerships are known as firms, and are rarely referred to as companies."
,Nav Event 31,Test Contact 1,,"Test Account 1,Test Account 3,,CTest Account 12,CTest Account 13,Connection Deal 5,Connection Deal 6",,Past Date,Past Date,"A business entity such as a corporation, limited liability company, public limited company, sole proprietorship, or partnership that has products or services for sale is a firm.

Law, accountancy and management consultancy partnerships are known as firms, and are rarely referred to as companies."
