Task ID Name,Task ID,Relation ID Name,Relation ID 
Nav Call 2,,Test Contact 124,
Nav Call 3,,Test Contact 124,
Nav Call 4,,Test Contact 124,
Nav Call 5,,Test Contact 124,
Nav Call 6,,Test Contact 124,
Nav Call 7,,Test Contact 124,
Nav Call 8,,Test Contact 124,
Nav Call 9,,Test Contact 124,
Nav Call 10,,Test Contact 124,
Nav Call 11,,Test Contact 124,
Nav Call 12,,Test Contact 10,
Nav Call 12,,Test Contact 11,
Nav Call 12,,Test Contact 12,
Nav Call 12,,Test Contact 13,
Nav Call 12,,Test Contact 14,
Nav Call 12,,Test Contact 15,
Nav Call 12,,Test Contact 16,
Nav Call 13,,Test Contact 10,
Nav Call 13,,Test Contact 11,
Nav Call 13,,Test Contact 12,
Nav Call 13,,Test Contact 13,
Nav Call 13,,Test Contact 14,
Nav Call 13,,Test Contact 15,
Nav Call 13,,Test Contact 16,
Nav Call 14,,Test Contact 10,
Nav Call 14,,Test Contact 11,
Nav Call 14,,Test Contact 12,
Nav Call 14,,Test Contact 13,
Nav Call 14,,Test Contact 14,
Nav Call 14,,Test Contact 15,
Nav Call 14,,Test Contact 16,
Nav Call 15,,Test Contact 10,
Nav Call 15,,Test Contact 11,
Nav Call 15,,Test Contact 12,
Nav Call 15,,Test Contact 13,
Nav Call 15,,Test Contact 14,
Nav Call 15,,Test Contact 15,
Nav Call 15,,Test Contact 16,
Nav Call 16,,Test Contact 10,
Nav Call 16,,Test Contact 11,
Nav Call 16,,Test Contact 12,
Nav Call 16,,Test Contact 13,
Nav Call 16,,Test Contact 14,
Nav Call 16,,Test Contact 15,
Nav Call 16,,Test Contact 16,
Nav Call 17,,Test Contact 10,
Nav Call 17,,Test Contact 11,
Nav Call 17,,Test Contact 12,
Nav Call 17,,Test Contact 13,
Nav Call 17,,Test Contact 14,
Nav Call 17,,Test Contact 15,
Nav Call 17,,Test Contact 16,
Nav Call 18,,Test Contact 10,
Nav Call 18,,Test Contact 11,
Nav Call 18,,Test Contact 12,
Nav Call 18,,Test Contact 13,
Nav Call 18,,Test Contact 14,
Nav Call 18,,Test Contact 15,
Nav Call 18,,Test Contact 16,
Nav Call 18,,Test Contact 124,
Nav Call 19,,Test Contact 10,
Nav Call 19,,Test Contact 11,
Nav Call 19,,Test Contact 12,
Nav Call 19,,Test Contact 13,
Nav Call 19,,Test Contact 14,
Nav Call 19,,Test Contact 15,
Nav Call 19,,Test Contact 16,
Nav Call 19,,Test Contact 124,
Nav Call 20,,Test Contact 10,
Nav Call 20,,Test Contact 11,
Nav Call 20,,Test Contact 12,
Nav Call 20,,Test Contact 13,
Nav Call 20,,Test Contact 14,
Nav Call 20,,Test Contact 15,
Nav Call 20,,Test Contact 16,
Nav Call 20,,Test Contact 124,
Nav Call 21,,Test Contact 10,
Nav Call 21,,Test Contact 11,
Nav Call 21,,Test Contact 12,
Nav Call 21,,Test Contact 13,
Nav Call 21,,Test Contact 14,
Nav Call 21,,Test Contact 15,
Nav Call 21,,Test Contact 16,
Nav Call 21,,Test Contact 124,
Nav Call 22,,Test Contact 10,
Nav Call 22,,Test Contact 11,
Nav Call 22,,Test Contact 12,
Nav Call 22,,Test Contact 13,
Nav Call 22,,Test Contact 14,
Nav Call 22,,Test Contact 15,
Nav Call 22,,Test Contact 16,
Nav Call 23,,Test Contact 10,
Nav Call 23,,Test Contact 11,
Nav Call 23,,Test Contact 12,
Nav Call 23,,Test Contact 13,
Nav Call 23,,Test Contact 14,
Nav Call 23,,Test Contact 15,
Nav Call 23,,Test Contact 16,
Nav Call 24,,Test Contact 12,
Nav Call 24,,Test Contact 13,
Nav Call 24,,Test Contact 14,
Nav Call 24,,Test Contact 15,
Nav Call 24,,Test Contact 16,
Nav Call 25,,Test Contact 13,
Nav Call 25,,Test Contact 14,
Nav Call 25,,Test Contact 15,
Nav Call 25,,Test Contact 16,
Nav Call 26,,Test Contact 14,
Nav Call 26,,Test Contact 15,
Nav Call 26,,Test Contact 16,
Nav Call 27,,Test Contact 14,
Nav Call 27,,Test Contact 15,
Nav Call 12,,Test Contact 4,
Nav Call 13,,Test Contact 4,
Nav Call 14,,Test Contact 4,
Nav Call 15,,Test Contact 4,
Nav Call 16,,Test Contact 4,
Nav Call 17,,Test Contact 4,
Nav Call 18,,Test Contact 4,
Nav Call 19,,Test Contact 4,
Nav Call 20,,Test Contact 4,
Nav Call 21,,Test Contact 4,
Nav Call 22,,Test Contact 4,
Nav Call 23,,Test Contact 4,
Nav Call 24,,Test Contact 4,
Nav Call 25,,Test Contact 4,
Nav Call 2,,Test Contact 2,
Nav Call 3,,Test Contact 2,
Nav Call 4,,Test Contact 2,
Nav Call 5,,Test Contact 2,
Nav Call 6,,Test Contact 2,
Nav Call 7,,Test Contact 2,
Nav Call 8,,Test Contact 2,
Nav Call 9,,Test Contact 2,
Nav Call 10,,Test Contact 2,
Nav Call 11,,Test Contact 2,
Nav Call 18,,Test Contact 2,
Nav Call 19,,Test Contact 2,
Nav Call 20,,Test Contact 2,
Nav Call 21,,Test Contact 2,
