"ID","ACCOUNT NAME","ACCOUNTID","LASTNAME","FIRSTNAME","FULL NAME","EMAIL ","STATUS"
"0033C00000ayiCZQAY","Sumo Logic","0013C00000mbClhQAE","Glomez","","Glomez","Dealroom1.3+Glomez@gmail.com","Item Created"
"0033C00000ayiCaQAI","Houlihan Lokey","0013C00000mbCliQAE","Jack","","Jack","Dealroom1.3+Jack@gmail.com","Item Created"
"0033C00000ayiCbQAI","Sumo Logic","0013C00000mbClhQAE","Max","","Max","Dealroom1.3+Max@gmail.com","Item Created"
"0033C00000ayiCcQAI","Maxjonic","0013C00000mbCljQAE","James","","James","Dealroom1.3+James@gmail.com","Item Created"
"0033C00000ayiCdQAI","Maxtra","0013C00000mbClkQAE","Jhon","","Jhon","Dealroom1.3+Jhon@gmail.com","Item Created"
"0033C00000ayiCeQAI","Nexus","0013C00000mbCllQAE","Kevin","","Kevin","Dealroom1.3+Kevin@gmail.com","Item Created"
"0033C00000ayiCfQAI","Acc 1","0013C00000mbClmQAE","Lenis","","Lenis","Dealroom1.3+Lenis@gmail.com","Item Created"
"0033C00000ayiCgQAI","Acc 2","0013C00000mbClnQAE","Lomez","","Lomez","Dealroom1.3+Lomez@gmail.com","Item Created"
"0033C00000ayiChQAI","Acc 3","0013C00000mbCloQAE","Martha","","Martha","Dealroom1.3+Martha@gmail.com","Item Created"
"0033C00000ayiCiQAI","Nexus","0013C00000mbCllQAE","Litz","","Litz","Dealroom1.3+Litz@gmail.com","Item Created"
"0033C00000ayiCjQAI","Acc 4","0013C00000mbClpQAE","1","Con","Con1","Dealroom1.3+Con1@gmail.com","Item Created"
"0033C00000ayiCkQAI","Acc 5","0013C00000mbClqQAE","2","con","Con2","Dealroom1.3+Con2@gmail.com","Item Created"
"0033C00000ayiClQAI","Acc 6","0013C00000mbClrQAE","3","con","Con3","Dealroom1.3+Con3@gmail.com","Item Created"
"0033C00000ayiCmQAI","Acc 7","0013C00000mbClsQAE","4","con","Con4","Dealroom1.3+Con4@gmail.com","Item Created"
"0033C00000ayiCnQAI","Acc 8","0013C00000mbCltQAE","5","con","Con5","Dealroom1.3+Con5@gmail.com","Item Created"
"0033C00000ayiCoQAI","Acc 9","0013C00000mbCluQAE","6","con","Con6","Dealroom1.3+Con6@gmail.com","Item Created"
"0033C00000ayiCpQAI","Acc 10","0013C00000mbClvQAE","7","con","Con7","Dealroom1.3+Con7@gmail.com","Item Created"
"0033C00000ayiCqQAI","Acc 11","0013C00000mbClwQAE","8","con","Con8","Dealroom1.3+Con8@gmail.com","Item Created"
"0033C00000ayiCrQAI","Acc 12","0013C00000mbClxQAE","9","con","Con9","Dealroom1.3+Con9@gmail.com","Item Created"
"0033C00000ayiCsQAI","Acc 13","0013C00000mbClyQAE","10","con","Con10","Dealroom1.3+Con10@gmail.com","Item Created"
"0033C00000ayiCtQAI","Sumo Kind","0013C00000mbClzQAE","11","con","Con11","Dealroom1.3+Con11@gmail.com","Item Created"
"0033C00000ayiCuQAI","Sumo Logic","0013C00000mbClhQAE","12","con","Con12","Dealroom1.3+Con12@gmail.com","Item Created"
"0033C00000ayiCvQAI","Houlihan Lokey","0013C00000mbCliQAE","13","con","Con13","Dealroom1.3+Con13@gmail.com","Item Created"
"0033C00000ayiCwQAI","Vertica","0013C00000mbCm0QAE","14","con","Con14","Dealroom1.3+Con14@gmail.com","Item Created"
"0033C00000ayiCxQAI","Maxjonic","0013C00000mbCljQAE","15","con","Con15","Dealroom1.3+Con15@gmail.com","Item Created"
"0033C00000ayiCyQAI","Maxtra","0013C00000mbClkQAE","16","con","Con16","Dealroom1.3+Con16@gmail.com","Item Created"
"0033C00000ayiCzQAI","Nexus","0013C00000mbCllQAE","17","con","Con17","Dealroom1.3+Con17@gmail.com","Item Created"
"0033C00000ayiD0QAI","Acc 1","0013C00000mbClmQAE","18","con","Con18","Dealroom1.3+Con18@gmail.com","Item Created"
"0033C00000ayiD1QAI","Acc 2","0013C00000mbClnQAE","19","con","Con19","Dealroom1.3+Con19@gmail.com","Item Created"
"0033C00000ayiD2QAI","Acc 3","0013C00000mbCloQAE","20","con","Con20","Dealroom1.3+Con20@gmail.com","Item Created"
"0033C00000ayiD3QAI","Acc 4","0013C00000mbClpQAE","21","con","Con21","Dealroom1.3+Con21@gmail.com","Item Created"
"0033C00000ayiD4QAI","Acc 5","0013C00000mbClqQAE","22","con","Con22","Dealroom1.3+Con22@gmail.com","Item Created"
"0033C00000ayiD5QAI","Acc 6","0013C00000mbClrQAE","23","con","Con23","Dealroom1.3+Con23@gmail.com","Item Created"
"0033C00000ayiD6QAI","Acc 7","0013C00000mbClsQAE","24","con","Con24","Dealroom1.3+Con24@gmail.com","Item Created"
"0033C00000ayiD7QAI","Acc 8","0013C00000mbCltQAE","25","con","Con25","Dealroom1.3+Con25@gmail.com","Item Created"
"0033C00000ayiD8QAI","Acc 9","0013C00000mbCluQAE","26","con","Con26","Dealroom1.3+Con26@gmail.com","Item Created"
"0033C00000ayiD9QAI","Acc 10","0013C00000mbClvQAE","27","con","Con27","Dealroom1.3+Con27@gmail.com","Item Created"
"0033C00000ayiDAQAY","Acc 11","0013C00000mbClwQAE","28","con","Con28","Dealroom1.3+Con28@gmail.com","Item Created"
"0033C00000ayiDBQAY","Acc 12","0013C00000mbClxQAE","29","con","Con29","Dealroom1.3+Con29@gmail.com","Item Created"
"0033C00000ayiDCQAY","Acc 13","0013C00000mbClyQAE","30","con","Con30","Dealroom1.3+Con30@gmail.com","Item Created"
"0033C00000ayiDDQAY","Sumo Kind","0013C00000mbClzQAE","31","con","Con31","Dealroom1.3+Con31@gmail.com","Item Created"
"0033C00000ayiDEQAY","Sumo Logic","0013C00000mbClhQAE","32","con","Con32","Dealroom1.3+Con32@gmail.com","Item Created"
"0033C00000ayiDFQAY","Houlihan Lokey","0013C00000mbCliQAE","33","con","Con33","Dealroom1.3+Con33@gmail.com","Item Created"
"0033C00000ayiDGQAY","Vertica","0013C00000mbCm0QAE","34","con","Con34","Dealroom1.3+Con34@gmail.com","Item Created"
"0033C00000ayiDHQAY","Maxjonic","0013C00000mbCljQAE","35","con","Con35","Dealroom1.3+Con35@gmail.com","Item Created"
"0033C00000ayiDIQAY","Maxtra","0013C00000mbClkQAE","36","con","Con36","Dealroom1.3+Con36@gmail.com","Item Created"
"0033C00000ayiDJQAY","Nexus","0013C00000mbCllQAE","37","con","Con37","Dealroom1.3+Con37@gmail.com","Item Created"
"0033C00000ayiDKQAY","Acc 1","0013C00000mbClmQAE","38","con","Con38","Dealroom1.3+Con38@gmail.com","Item Created"
"0033C00000ayiDLQAY","Acc 2","0013C00000mbClnQAE","39","con","Con39","Dealroom1.3+Con39@gmail.com","Item Created"
"0033C00000ayiDMQAY","Acc 3","0013C00000mbCloQAE","40","con","Con40","Dealroom1.3+Con40@gmail.com","Item Created"
"0033C00000ayiDNQAY","Acc 4","0013C00000mbClpQAE","41","con","Con41","Dealroom1.3+Con41@gmail.com","Item Created"
"0033C00000ayiDOQAY","Acc 5","0013C00000mbClqQAE","42","con","Con42","Dealroom1.3+Con42@gmail.com","Item Created"
"0033C00000ayiDPQAY","Acc 6","0013C00000mbClrQAE","43","con","Con43","Dealroom1.3+Con43@gmail.com","Item Created"
"0033C00000ayiDQQAY","Acc 7","0013C00000mbClsQAE","44","con","Con44","Dealroom1.3+Con44@gmail.com","Item Created"
"0033C00000ayiDRQAY","Acc 8","0013C00000mbCltQAE","45","con","Con45","Dealroom1.3+Con45@gmail.com","Item Created"
"0033C00000ayiDSQAY","Acc 9","0013C00000mbCluQAE","46","con","Con46","Dealroom1.3+Con46@gmail.com","Item Created"
"0033C00000ayiDTQAY","Acc 10","0013C00000mbClvQAE","47","con","Con47","Dealroom1.3+Con47@gmail.com","Item Created"
"0033C00000ayiDUQAY","Acc 11","0013C00000mbClwQAE","48","con","Con48","Dealroom1.3+Con48@gmail.com","Item Created"
"0033C00000ayiDVQAY","Acc 12","0013C00000mbClxQAE","49","con","Con49","Dealroom1.3+Con49@gmail.com","Item Created"
"0033C00000ayiDWQAY","Acc 13","0013C00000mbClyQAE","50","con","Con50","Dealroom1.3+Con50@gmail.com","Item Created"
"0033C00000ayiDXQAY","Sumo Kind","0013C00000mbClzQAE","51","con","Con51","Dealroom1.3+Con51@gmail.com","Item Created"
"0033C00000ayiDYQAY","Sumo Logic","0013C00000mbClhQAE","52","con","Con52","Dealroom1.3+Con52@gmail.com","Item Created"
"0033C00000ayiDZQAY","Houlihan Lokey","0013C00000mbCliQAE","53","con","Con53","Dealroom1.3+Con53@gmail.com","Item Created"
"0033C00000ayiDaQAI","Vertica","0013C00000mbCm0QAE","54","con","Con54","Dealroom1.3+Con54@gmail.com","Item Created"
"0033C00000ayiDbQAI","Maxjonic","0013C00000mbCljQAE","55","con","Con55","Dealroom1.3+Con55@gmail.com","Item Created"
"0033C00000ayiDcQAI","Maxtra","0013C00000mbClkQAE","56","con","Con56","Dealroom1.3+Con56@gmail.com","Item Created"
"0033C00000ayiDdQAI","Nexus","0013C00000mbCllQAE","57","con","Con57","Dealroom1.3+Con57@gmail.com","Item Created"
"0033C00000ayiDeQAI","Acc 1","0013C00000mbClmQAE","58","con","Con58","Dealroom1.3+Con58@gmail.com","Item Created"
"0033C00000ayiDfQAI","Acc 2","0013C00000mbClnQAE","59","con","Con59","Dealroom1.3+Con59@gmail.com","Item Created"
"0033C00000ayiDgQAI","Acc 3","0013C00000mbCloQAE","60","con","Con60","Dealroom1.3+Con60@gmail.com","Item Created"
"0033C00000ayiDhQAI","Acc 4","0013C00000mbClpQAE","61","con","Con61","Dealroom1.3+Con61@gmail.com","Item Created"
"0033C00000ayiDiQAI","Acc 5","0013C00000mbClqQAE","62","con","Con62","Dealroom1.3+Con62@gmail.com","Item Created"
"0033C00000ayiDjQAI","Acc 6","0013C00000mbClrQAE","63","con","Con63","Dealroom1.3+Con63@gmail.com","Item Created"
"0033C00000ayiDkQAI","Acc 7","0013C00000mbClsQAE","64","con","Con64","Dealroom1.3+Con64@gmail.com","Item Created"
"0033C00000ayiDlQAI","Acc 8","0013C00000mbCltQAE","65","con","Con65","Dealroom1.3+Con65@gmail.com","Item Created"
"0033C00000ayiDmQAI","Acc 9","0013C00000mbCluQAE","66","con","Con66","Dealroom1.3+Con66@gmail.com","Item Created"
"0033C00000ayiDnQAI","Acc 10","0013C00000mbClvQAE","67","con","Con67","Dealroom1.3+Con67@gmail.com","Item Created"
"0033C00000ayiDoQAI","Acc 11","0013C00000mbClwQAE","68","con","Con68","Dealroom1.3+Con68@gmail.com","Item Created"
"0033C00000ayiDpQAI","Acc 12","0013C00000mbClxQAE","69","con","Con69","Dealroom1.3+Con69@gmail.com","Item Created"
"0033C00000ayiDqQAI","Acc 13","0013C00000mbClyQAE","70","con","Con70","Dealroom1.3+Con70@gmail.com","Item Created"
"0033C00000ayiDrQAI","Sumo Kind","0013C00000mbClzQAE","71","con","Con71","Dealroom1.3+Con71@gmail.com","Item Created"
"0033C00000ayiDsQAI","Sumo Kind","0013C00000mbClzQAE","72","con","Con72","Dealroom1.3+Con72@gmail.com","Item Created"
"0033C00000ayiDtQAI","Sumo Kind","0013C00000mbClzQAE","73","con","Con73","Dealroom1.3+Con73@gmail.com","Item Created"
"0033C00000ayiDuQAI","Sumo Kind","0013C00000mbClzQAE","74","con","Con74","Dealroom1.3+Con74@gmail.com","Item Created"
"0033C00000ayiDvQAI","Sumo Kind","0013C00000mbClzQAE","75","con","Con75","Dealroom1.3+Con75@gmail.com","Item Created"
"0033C00000ayiDwQAI","Sumo Kind","0013C00000mbClzQAE","76","con","Con76","Dealroom1.3+Con76@gmail.com","Item Created"
"0033C00000ayiDxQAI","Sumo Kind","0013C00000mbClzQAE","77","con","Con77","Dealroom1.3+Con77@gmail.com","Item Created"
"0033C00000ayiDyQAI","Sumo Kind","0013C00000mbClzQAE","78","con","Con78","Dealroom1.3+Con78@gmail.com","Item Created"
"0033C00000ayiDzQAI","Sumo Kind","0013C00000mbClzQAE","79","con","Con79","Dealroom1.3+Con79@gmail.com","Item Created"
"0033C00000ayiE0QAI","Sumo Kind","0013C00000mbClzQAE","80","con","Con80","Dealroom1.3+Con80@gmail.com","Item Created"
"0033C00000ayiE1QAI","Acc 7","0013C00000mbClsQAE","Sellina","","Sellina","Dealroom1.3+Sellina@gmail.com","Item Created"
"0033C00000ayiE2QAI","Acc 7","0013C00000mbClsQAE","areca","","areca","Dealroom1.3+areca@gmail.com","Item Created"
"0033C00000ayiE3QAI","Acc 3","0013C00000mbCloQAE","moss","","moss","Dealroom1.3+moss@gmail.com","Item Created"
"0033C00000ayiE4QAI","Acc 11","0013C00000mbClwQAE","Palm","","Palm","Dealroom1.3+palm@gmail.com","Item Created"
"0033C00000ayiE5QAI","Acc 7","0013C00000mbClsQAE","Echo","","Echo","Dealroom1.3+echo@gmail.com","Item Created"
"0033C00000ayiE6QAI","Acc 3","0013C00000mbCloQAE","Alexa ","","Alexa ","Dealroom1.3+alexa@gmail.com","Item Created"
"0033C00000ayiE7QAI","Acc 11","0013C00000mbClwQAE","Green Pothos","","Green Pothos","Dealroom1.3+GreenPothos@gmail.com","Item Created"
"0033C00000ayiE8QAI","Sumo Kind","0013C00000mbClzQAE","Sumo Kind","","Sumo Kind","Dealroom1.3+sumokind@gmail.com","Item Created"
